id;gender;age;state;candidate
1;M;30;IA;John Green
2;M;27;ND;Violet Brown
3;F;38;LA;Violet Brown
4;M;42;NH;Violet Brown
5;F;43;AZ;Violet Brown
6;F;56;CO;Violet Brown
7;M;63;MN;Violet Brown
8;F;52;WA;Violet Brown
9;M;44;SD;John Green
10;M;34;NC;John Green
11;F;54;OH;John Green
12;F;42;NH;John Green
13;M;34;NV;John Green
14;F;52;IN;Violet Brown
15;F;18;KY;Violet Brown
16;F;56;NJ;Violet Brown
17;F;34;PA;Violet Brown
18;M;25;OK;Violet Brown
19;M;54;HI;Violet Brown
20;F;20;PA;John Green
21;F;55;KS;Violet Brown
22;F;19;WI;Violet Brown
23;F;31;AL;Violet Brown
24;F;26;WV;Violet Brown
25;F;61;MO;Violet Brown
26;M;19;AZ;Violet Brown
27;M;50;MN;John Green
28;F;24;KS;John Green
29;M;47;AK;John Green
30;F;63;NY;John Green
31;F;46;NC;John Green
32;M;29;WI;Violet Brown
33;M;66;KY;Violet Brown
34;M;55;NJ;Violet Brown
35;F;25;VA;Violet Brown
36;M;58;TN;Violet Brown
37;F;45;VT;Violet Brown
38;M;47;MI;John Green
39;F;59;MS;Violet Brown
40;F;22;UT;Violet Brown
41;F;69;WV;Violet Brown
42;F;30;OR;John Green
43;M;28;KS;Violet Brown
44;F;20;TN;Violet Brown
45;M;60;CT;Violet Brown
46;M;61;DE;John Green
47;M;18;GA;Violet Brown
48;M;68;HI;John Green
49;M;62;AZ;Violet Brown
50;F;50;NM;John Green
51;M;49;PA;Violet Brown
52;M;28;NY;John Green
53;F;27;NJ;Violet Brown
54;M;40;MS;Violet Brown
55;F;35;MO;John Green
56;M;40;VT;Violet Brown
57;M;32;PA;Violet Brown
58;M;30;MS;John Green
59;M;47;CT;Violet Brown
60;F;38;IL;Violet Brown
61;M;62;TN;John Green
62;F;38;NM;Violet Brown
63;F;33;RI;John Green
64;F;63;HI;Violet Brown
65;M;29;NJ;Violet Brown
66;F;45;ND;Violet Brown
67;F;23;OR;Violet Brown
68;M;59;MA;Violet Brown
69;M;60;KY;Violet Brown
70;M;21;OK;Violet Brown
71;M;48;PA;John Green
72;F;59;WV;Violet Brown
73;M;20;CT;John Green
74;F;49;DE;Violet Brown
75;M;50;NV;John Green
76;M;54;WI;John Green
77;F;65;SD;Violet Brown
78;M;41;VA;John Green
79;F;66;MS;Violet Brown
80;M;43;CA;John Green
81;M;52;IN;Violet Brown
82;M;56;IA;John Green
83;M;25;MN;John Green
84;M;22;NJ;Violet Brown
85;M;60;AK;Violet Brown
86;F;20;TX;Violet Brown
87;F;59;IN;John Green
88;F;48;HI;Violet Brown
89;M;68;HI;John Green
90;F;43;RI;John Green
91;F;30;DE;Violet Brown
92;M;21;NY;Violet Brown
93;F;64;IA;John Green
94;F;20;SD;Violet Brown
95;F;63;FL;John Green
96;M;18;NV;Violet Brown
97;F;68;GA;John Green
98;M;68;TN;John Green
99;M;18;WA;John Green
100;M;46;KY;John Green
101;M;53;MO;Violet Brown
102;M;59;CT;John Green
103;M;49;AL;Violet Brown
104;M;47;DE;John Green
105;M;64;AK;Violet Brown
106;F;60;IN;Violet Brown
107;F;68;ME;Violet Brown
108;F;22;MA;Violet Brown
109;M;61;MO;John Green
110;F;68;AZ;Violet Brown
111;M;50;MS;Violet Brown
112;M;49;KY;John Green
113;M;64;HI;Violet Brown
114;F;24;NV;Violet Brown
115;M;29;GA;Violet Brown
116;M;50;UT;Violet Brown
117;F;39;MO;John Green
118;M;70;WI;Violet Brown
119;M;18;DE;Violet Brown
120;F;40;MS;Violet Brown
121;F;36;NH;Violet Brown
122;F;67;IA;Violet Brown
123;F;38;KS;Violet Brown
124;M;56;TX;John Green
125;M;41;VT;Violet Brown
126;F;34;NV;John Green
127;F;66;AZ;Violet Brown
128;M;63;UT;John Green
129;M;19;AZ;Violet Brown
130;F;64;PA;Violet Brown
131;F;27;GA;Violet Brown
132;F;26;RI;John Green
133;M;67;OH;Violet Brown
134;F;45;ME;Violet Brown
135;M;55;WA;John Green
136;F;29;UT;Violet Brown
137;F;35;KS;John Green
138;M;43;AR;John Green
139;F;25;GA;Violet Brown
140;F;60;VT;John Green
141;M;54;UT;John Green
142;F;36;MD;John Green
143;F;48;SC;John Green
144;M;62;NV;John Green
145;F;32;IL;Violet Brown
146;F;35;GA;Violet Brown
147;M;55;RI;Violet Brown
148;F;43;ME;John Green
149;F;47;OH;John Green
150;M;68;GA;John Green
151;M;41;DE;Violet Brown
152;M;23;TX;John Green
153;M;20;OR;Violet Brown
154;M;34;TX;Violet Brown
155;M;33;MS;Violet Brown
156;M;48;MT;John Green
157;F;29;VT;John Green
158;M;34;NM;John Green
159;M;41;IN;John Green
160;M;26;AZ;Violet Brown
161;F;39;CA;John Green
162;M;39;NJ;Violet Brown
163;M;58;TX;John Green
164;F;63;CO;Violet Brown
165;F;45;NH;Violet Brown
166;F;66;CA;John Green
167;M;59;GA;John Green
168;F;65;GA;Violet Brown
169;M;48;UT;Violet Brown
170;F;45;HI;Violet Brown
171;F;59;ME;Violet Brown
172;F;42;MT;Violet Brown
173;M;69;NJ;Violet Brown
174;M;21;VA;Violet Brown
175;M;70;ID;John Green
176;F;39;DE;John Green
177;M;56;MO;Violet Brown
178;F;59;NH;John Green
179;F;39;VT;John Green
180;F;57;PA;Violet Brown
181;M;34;VA;John Green
182;M;49;NM;Violet Brown
183;F;30;ND;Violet Brown
184;F;25;HI;Violet Brown
185;F;40;AZ;John Green
186;M;52;SD;John Green
187;F;62;IL;Violet Brown
188;M;46;MA;Violet Brown
189;F;19;VT;Violet Brown
190;F;19;NM;Violet Brown
191;F;46;MT;Violet Brown
192;M;60;MD;Violet Brown
193;F;51;NM;John Green
194;F;55;MT;Violet Brown
195;F;22;AL;John Green
196;F;42;CO;Violet Brown
197;M;34;OH;John Green
198;M;37;NV;John Green
199;F;22;MO;Violet Brown
200;M;68;NV;Violet Brown
201;F;29;NC;Violet Brown
202;F;39;NJ;Violet Brown
203;F;28;OR;Violet Brown
204;M;41;TN;Violet Brown
205;M;31;MA;Violet Brown
206;M;58;NJ;Violet Brown
207;F;34;ND;Violet Brown
208;F;47;IL;Violet Brown
209;F;19;OK;John Green
210;F;29;ND;Violet Brown
211;M;62;CT;John Green
212;M;35;MO;Violet Brown
213;M;19;MN;Violet Brown
214;M;36;VT;Violet Brown
215;M;37;MD;John Green
216;M;59;WI;Violet Brown
217;M;55;IA;Violet Brown
218;F;60;AL;Violet Brown
219;M;65;NM;Violet Brown
220;M;46;KS;John Green
221;F;22;AK;John Green
222;F;45;IA;Violet Brown
223;F;31;IL;Violet Brown
224;M;46;WV;Violet Brown
225;M;46;NH;John Green
226;M;69;NV;Violet Brown
227;F;49;IA;Violet Brown
228;M;18;TN;John Green
229;M;43;IN;Violet Brown
230;F;35;UT;John Green
231;M;56;MS;Violet Brown
232;M;70;OH;John Green
233;F;54;WY;Violet Brown
234;M;63;NY;Violet Brown
235;F;47;AK;John Green
236;F;36;CT;Violet Brown
237;F;48;RI;Violet Brown
238;M;42;FL;John Green
239;M;43;WI;Violet Brown
240;M;38;CA;Violet Brown
241;F;37;MI;John Green
242;F;21;ND;Violet Brown
243;M;30;CO;Violet Brown
244;M;34;MO;John Green
245;M;20;WI;John Green
246;F;32;NH;Violet Brown
247;M;51;NV;John Green
248;M;28;AL;Violet Brown
249;F;63;NE;John Green
250;M;52;TX;Violet Brown
251;M;45;AZ;Violet Brown
252;M;33;CT;Violet Brown
253;F;64;NY;John Green
254;M;69;MN;John Green
255;M;20;PA;John Green
256;F;20;FL;Violet Brown
257;M;44;CA;John Green
258;F;21;WA;Violet Brown
259;F;69;AK;Violet Brown
260;F;20;KS;Violet Brown
261;F;41;RI;Violet Brown
262;M;58;NM;Violet Brown
263;F;32;WV;John Green
264;M;60;WV;Violet Brown
265;F;53;SC;John Green
266;F;29;DE;John Green
267;F;54;ND;John Green
268;F;51;MO;John Green
269;F;22;MT;Violet Brown
270;M;34;SD;John Green
271;F;56;DE;Violet Brown
272;F;21;NY;Violet Brown
273;F;21;KS;John Green
274;M;49;SD;Violet Brown
275;M;40;ID;Violet Brown
276;F;42;GA;John Green
277;F;31;WI;Violet Brown
278;M;58;MA;John Green
279;M;38;SD;Violet Brown
280;M;18;AK;Violet Brown
281;F;68;LA;Violet Brown
282;F;43;MO;Violet Brown
283;F;51;VA;John Green
284;F;34;MD;Violet Brown
285;F;55;NH;Violet Brown
286;M;50;ME;Violet Brown
287;F;34;CO;Violet Brown
288;F;23;WY;John Green
289;F;57;KS;Violet Brown
290;M;57;FL;Violet Brown
291;F;41;FL;John Green
292;F;63;GA;John Green
293;F;36;NH;John Green
294;F;51;VA;John Green
295;F;56;VA;John Green
296;M;66;NH;Violet Brown
297;M;19;SD;John Green
298;M;46;NE;Violet Brown
299;F;59;NM;Violet Brown
300;M;36;IL;Violet Brown
301;F;32;CO;John Green
302;M;63;MN;John Green
303;F;34;FL;Violet Brown
304;M;61;NC;Violet Brown
305;M;19;NY;Violet Brown
306;M;62;SD;John Green
307;M;20;NM;Violet Brown
308;M;45;IA;John Green
309;F;19;WI;John Green
310;M;69;OH;Violet Brown
311;M;43;IL;John Green
312;F;65;MS;John Green
313;M;36;AL;John Green
314;F;55;GA;John Green
315;F;62;IN;John Green
316;F;30;CT;John Green
317;F;25;AK;John Green
318;M;63;TX;Violet Brown
319;F;53;OK;John Green
320;M;60;SD;Violet Brown
321;M;25;IN;Violet Brown
322;M;67;AZ;Violet Brown
323;F;28;KS;John Green
324;F;53;TX;John Green
325;M;48;WY;Violet Brown
326;F;40;VA;John Green
327;F;69;WY;John Green
328;F;26;WI;John Green
329;F;59;KY;Violet Brown
330;F;62;WY;John Green
331;M;34;MT;John Green
332;M;38;VA;Violet Brown
333;F;38;ND;Violet Brown
334;M;59;OR;John Green
335;F;38;GA;John Green
336;M;46;OK;Violet Brown
337;M;22;MA;Violet Brown
338;F;40;OH;Violet Brown
339;M;66;NV;Violet Brown
340;F;56;MA;Violet Brown
341;M;60;TN;John Green
342;F;66;AR;John Green
343;F;68;SD;Violet Brown
344;F;18;FL;Violet Brown
345;F;29;SD;Violet Brown
346;F;57;CO;Violet Brown
347;M;42;LA;John Green
348;M;20;CA;John Green
349;M;42;FL;John Green
350;F;70;WY;John Green
351;M;40;AZ;Violet Brown
352;M;50;KY;Violet Brown
353;F;55;SD;Violet Brown
354;F;60;OR;Violet Brown
355;F;70;WI;Violet Brown
356;F;57;NC;Violet Brown
357;M;36;UT;John Green
358;M;68;WI;John Green
359;M;62;AL;Violet Brown
360;M;59;MT;Violet Brown
361;M;22;OR;Violet Brown
362;M;55;ND;John Green
363;F;63;OH;Violet Brown
364;F;47;VA;John Green
365;M;33;PA;Violet Brown
366;M;32;OK;Violet Brown
367;F;19;DE;Violet Brown
368;M;23;OH;Violet Brown
369;F;22;OR;John Green
370;M;44;SD;Violet Brown
371;F;69;NC;Violet Brown
372;M;47;VA;John Green
373;F;32;AZ;Violet Brown
374;F;39;WV;Violet Brown
375;F;70;NC;Violet Brown
376;M;55;ID;John Green
377;M;20;NC;Violet Brown
378;F;61;MS;Violet Brown
379;M;20;NJ;Violet Brown
380;F;43;OR;Violet Brown
381;M;69;MI;John Green
382;M;47;WV;John Green
383;F;33;CT;Violet Brown
384;M;51;VT;John Green
385;F;63;AK;John Green
386;M;46;KS;John Green
387;M;23;RI;Violet Brown
388;M;35;TX;John Green
389;F;46;UT;Violet Brown
390;F;48;CA;Violet Brown
391;M;53;DE;John Green
392;M;70;WV;Violet Brown
393;F;37;MD;John Green
394;M;32;KY;Violet Brown
395;F;37;AL;John Green
396;M;23;TN;John Green
397;F;69;GA;Violet Brown
398;F;43;NJ;Violet Brown
399;M;68;AL;John Green
400;F;58;AR;John Green
401;F;48;WY;Violet Brown
402;F;27;AZ;Violet Brown
403;F;19;ME;Violet Brown
404;F;32;NM;Violet Brown
405;F;67;CA;John Green
406;M;52;TX;Violet Brown
407;F;53;NY;Violet Brown
408;F;56;NM;John Green
409;M;59;VT;Violet Brown
410;M;51;OR;Violet Brown
411;M;35;AR;John Green
412;F;32;NH;John Green
413;M;54;AZ;Violet Brown
414;F;60;FL;Violet Brown
415;F;57;MS;John Green
416;M;63;MS;John Green
417;M;59;ND;John Green
418;F;65;NV;Violet Brown
419;F;66;NV;John Green
420;F;24;AK;John Green
421;F;36;NC;John Green
422;F;56;AR;John Green
423;F;67;HI;John Green
424;F;19;SC;Violet Brown
425;M;43;AZ;John Green
426;F;59;KY;Violet Brown
427;M;29;ID;Violet Brown
428;F;50;MS;John Green
429;F;25;MI;John Green
430;F;35;IL;John Green
431;M;23;NC;Violet Brown
432;F;37;TN;Violet Brown
433;M;30;KY;John Green
434;F;23;MD;John Green
435;M;42;MD;John Green
436;M;28;AZ;John Green
437;M;18;IL;John Green
438;M;37;NE;Violet Brown
439;M;38;PA;John Green
440;F;50;WV;John Green
441;M;31;WV;Violet Brown
442;F;28;MO;Violet Brown
443;F;30;AK;John Green
444;M;45;MT;John Green
445;F;57;NV;John Green
446;F;57;IN;John Green
447;M;53;FL;Violet Brown
448;M;29;CT;John Green
449;M;30;MA;John Green
450;F;19;MA;John Green
451;F;58;UT;John Green
452;M;24;IN;John Green
453;F;66;AR;Violet Brown
454;F;34;IL;Violet Brown
455;M;36;VA;Violet Brown
456;F;67;NH;John Green
457;F;32;CO;Violet Brown
458;M;58;MS;Violet Brown
459;F;58;WV;Violet Brown
460;M;43;ID;Violet Brown
461;F;21;MT;John Green
462;F;19;OR;Violet Brown
463;M;65;FL;John Green
464;M;46;NY;Violet Brown
465;M;37;OR;John Green
466;F;63;MN;Violet Brown
467;F;67;NJ;John Green
468;M;19;FL;John Green
469;F;34;MT;John Green
470;M;56;OR;Violet Brown
471;F;29;PA;Violet Brown
472;F;50;VT;Violet Brown
473;M;33;AR;Violet Brown
474;F;68;NM;Violet Brown
475;M;59;AZ;Violet Brown
476;F;19;RI;John Green
477;M;51;TX;John Green
478;F;57;OK;Violet Brown
479;F;57;MO;John Green
480;M;51;ME;Violet Brown
481;F;66;NC;Violet Brown
482;F;63;ME;John Green
483;F;35;AZ;John Green
484;M;24;ND;John Green
485;F;41;WY;Violet Brown
486;F;43;WA;Violet Brown
487;F;38;MS;John Green
488;M;30;WV;John Green
489;F;61;HI;John Green
490;M;21;NY;John Green
491;F;49;PA;John Green
492;F;56;VT;Violet Brown
493;F;18;MI;John Green
494;F;68;DE;John Green
495;M;63;MD;Violet Brown
496;M;46;MA;John Green
497;F;55;AZ;Violet Brown
498;F;52;FL;John Green
499;M;25;WY;John Green
500;M;64;OH;Violet Brown
501;F;58;IA;John Green
502;M;43;VT;John Green
503;F;26;WY;Violet Brown
504;F;24;TN;Violet Brown
505;F;31;UT;John Green
506;M;44;GA;Violet Brown
507;M;36;CO;John Green
508;M;21;PA;Violet Brown
509;F;24;NM;Violet Brown
510;F;42;SC;John Green
511;F;42;MT;Violet Brown
512;M;33;WY;Violet Brown
513;F;69;IN;Violet Brown
514;M;59;VA;Violet Brown
515;M;47;NY;Violet Brown
516;M;40;DE;Violet Brown
517;M;43;HI;Violet Brown
518;F;53;UT;Violet Brown
519;F;43;VT;Violet Brown
520;F;58;MA;John Green
521;M;29;FL;John Green
522;F;47;VT;John Green
523;F;31;UT;Violet Brown
524;F;63;NE;Violet Brown
525;F;69;WA;Violet Brown
526;F;37;VT;Violet Brown
527;F;48;IA;John Green
528;F;66;PA;John Green
529;F;30;CO;Violet Brown
530;F;48;KS;John Green
531;F;26;ND;Violet Brown
532;M;32;AK;John Green
533;M;51;MS;Violet Brown
534;M;25;VA;Violet Brown
535;M;23;MD;John Green
536;F;68;SD;Violet Brown
537;M;33;CA;Violet Brown
538;M;37;WV;John Green
539;F;50;TX;John Green
540;M;24;ND;John Green
541;F;28;GA;John Green
542;M;49;MS;John Green
543;F;68;CO;John Green
544;F;62;WA;John Green
545;F;36;TN;Violet Brown
546;F;60;NM;Violet Brown
547;F;38;PA;Violet Brown
548;F;29;IL;John Green
549;F;39;MD;Violet Brown
550;M;29;IL;Violet Brown
551;F;26;IL;Violet Brown
552;M;40;MI;John Green
553;M;25;NM;Violet Brown
554;F;20;MN;Violet Brown
555;M;52;WY;Violet Brown
556;M;30;PA;John Green
557;M;56;IL;Violet Brown
558;F;53;VA;Violet Brown
559;F;44;TX;Violet Brown
560;F;59;SC;John Green
561;F;55;CT;Violet Brown
562;M;25;AL;Violet Brown
563;F;30;NV;Violet Brown
564;F;28;TN;Violet Brown
565;M;66;VT;Violet Brown
566;F;64;WY;Violet Brown
567;M;50;OR;John Green
568;F;39;MA;John Green
569;F;52;MA;Violet Brown
570;M;26;WY;John Green
571;M;61;CA;Violet Brown
572;F;33;AL;John Green
573;F;33;KS;John Green
574;F;69;NJ;Violet Brown
575;F;54;ID;Violet Brown
576;M;48;MN;John Green
577;F;48;NH;John Green
578;M;61;TN;John Green
579;F;51;CO;Violet Brown
580;M;30;IA;John Green
581;M;38;TN;John Green
582;F;66;ID;Violet Brown
583;M;33;UT;John Green
584;M;30;ME;John Green
585;F;37;NJ;Violet Brown
586;F;25;AK;John Green
587;M;45;OH;Violet Brown
588;F;43;FL;John Green
589;F;35;WA;Violet Brown
590;M;33;KS;Violet Brown
591;M;39;OK;John Green
592;M;46;NV;Violet Brown
593;F;46;NV;Violet Brown
594;F;60;OH;John Green
595;M;45;AR;John Green
596;M;52;MI;Violet Brown
597;F;66;OH;Violet Brown
598;F;20;PA;Violet Brown
599;F;57;NC;Violet Brown
600;M;43;SD;Violet Brown
601;M;20;ND;John Green
602;M;41;HI;John Green
603;F;20;CA;John Green
604;F;19;IN;John Green
605;M;45;KS;John Green
606;M;53;WI;John Green
607;F;22;VT;Violet Brown
608;F;61;TX;John Green
609;F;24;NJ;Violet Brown
610;M;60;WI;John Green
611;F;40;CT;Violet Brown
612;M;22;IL;Violet Brown
613;F;33;MN;John Green
614;M;33;AR;Violet Brown
615;F;42;IL;Violet Brown
616;F;66;NH;Violet Brown
617;M;37;LA;John Green
618;F;55;WY;John Green
619;F;70;KY;Violet Brown
620;M;60;IL;John Green
621;F;68;HI;John Green
622;M;44;IL;Violet Brown
623;M;24;KS;John Green
624;F;70;OK;John Green
625;M;68;OR;Violet Brown
626;M;54;SC;Violet Brown
627;M;48;NC;John Green
628;F;44;TN;Violet Brown
629;F;49;RI;Violet Brown
630;M;60;CO;Violet Brown
631;M;65;SD;John Green
632;M;35;MA;John Green
633;M;21;CO;Violet Brown
634;F;49;AZ;Violet Brown
635;F;48;CA;Violet Brown
636;F;23;OH;Violet Brown
637;M;67;IL;Violet Brown
638;F;26;NC;John Green
639;M;57;VA;Violet Brown
640;F;46;HI;Violet Brown
641;F;58;IN;John Green
642;M;51;AK;Violet Brown
643;F;32;NJ;John Green
644;M;46;MI;John Green
645;M;19;ID;John Green
646;M;35;OR;Violet Brown
647;M;31;KY;John Green
648;M;70;OK;Violet Brown
649;F;27;WI;Violet Brown
650;F;70;AZ;Violet Brown
651;M;28;LA;Violet Brown
652;M;53;PA;Violet Brown
653;F;21;ME;Violet Brown
654;M;26;WY;Violet Brown
655;M;34;VA;John Green
656;F;43;CO;John Green
657;F;65;AR;Violet Brown
658;F;45;KY;John Green
659;F;53;WI;John Green
660;M;28;KY;John Green
661;F;28;IA;Violet Brown
662;M;27;SD;Violet Brown
663;F;60;SD;John Green
664;F;25;IA;John Green
665;F;28;OR;John Green
666;F;56;CT;Violet Brown
667;M;65;CO;Violet Brown
668;F;65;GA;John Green
669;F;65;MO;Violet Brown
670;M;49;TX;John Green
671;M;51;WV;John Green
672;F;62;KS;John Green
673;M;30;CT;John Green
674;F;42;NC;Violet Brown
675;F;34;CT;John Green
676;F;26;MT;Violet Brown
677;M;43;PA;Violet Brown
678;F;54;VA;Violet Brown
679;F;36;CO;John Green
680;M;36;NY;John Green
681;M;52;NH;John Green
682;F;69;KY;Violet Brown
683;F;56;AZ;Violet Brown
684;M;47;NY;Violet Brown
685;F;19;WA;John Green
686;M;28;NC;Violet Brown
687;M;39;KS;Violet Brown
688;M;35;OH;Violet Brown
689;F;61;UT;John Green
690;M;18;WI;Violet Brown
691;M;26;ID;John Green
692;M;36;NV;Violet Brown
693;M;51;WY;Violet Brown
694;M;34;ME;Violet Brown
695;F;34;WY;Violet Brown
696;M;48;NJ;John Green
697;F;65;NC;Violet Brown
698;F;38;MS;Violet Brown
699;F;27;LA;John Green
700;F;22;NV;John Green
701;M;36;AL;Violet Brown
702;M;66;MN;John Green
703;M;64;GA;Violet Brown
704;M;27;SD;John Green
705;M;65;ID;John Green
706;F;64;NV;John Green
707;F;60;WA;John Green
708;M;34;MI;Violet Brown
709;M;29;AK;John Green
710;M;40;NV;Violet Brown
711;F;45;WA;Violet Brown
712;M;47;KS;Violet Brown
713;M;70;WY;Violet Brown
714;F;47;MN;Violet Brown
715;F;47;MO;John Green
716;F;46;MT;John Green
717;F;50;CA;John Green
718;F;21;CA;John Green
719;F;52;DE;Violet Brown
720;M;26;NJ;Violet Brown
721;M;20;ME;John Green
722;M;32;NE;Violet Brown
723;F;69;NY;John Green
724;F;53;DE;John Green
725;M;26;WV;Violet Brown
726;F;25;MS;John Green
727;F;31;SC;John Green
728;F;54;OH;John Green
729;F;63;OK;Violet Brown
730;F;35;PA;John Green
731;M;57;MO;Violet Brown
732;F;66;GA;Violet Brown
733;M;60;CA;Violet Brown
734;F;34;ID;Violet Brown
735;F;46;WI;Violet Brown
736;M;29;TX;John Green
737;F;40;IL;John Green
738;F;52;SC;Violet Brown
739;M;31;MD;Violet Brown
740;F;37;RI;John Green
741;M;59;MI;John Green
742;M;37;MA;John Green
743;F;36;TX;John Green
744;F;63;NV;Violet Brown
745;F;58;FL;Violet Brown
746;F;45;IN;John Green
747;F;60;WI;Violet Brown
748;M;64;DE;Violet Brown
749;F;35;MT;Violet Brown
750;F;43;LA;Violet Brown
751;F;57;OH;John Green
752;M;35;CO;John Green
753;M;62;MI;John Green
754;M;20;MS;Violet Brown
755;F;48;ID;Violet Brown
756;M;66;MS;John Green
757;M;48;UT;Violet Brown
758;M;55;WY;John Green
759;M;43;UT;Violet Brown
760;M;41;DE;Violet Brown
761;F;45;NV;Violet Brown
762;F;31;NV;John Green
763;F;46;VT;John Green
764;M;52;WY;Violet Brown
765;F;39;WI;Violet Brown
766;M;65;WY;John Green
767;M;24;KS;John Green
768;M;21;TX;Violet Brown
769;M;31;LA;John Green
770;F;63;MT;John Green
771;F;31;MT;John Green
772;M;30;TN;Violet Brown
773;F;42;AK;Violet Brown
774;M;42;MO;Violet Brown
775;F;54;MS;John Green
776;F;36;UT;Violet Brown
777;F;47;OH;Violet Brown
778;F;48;ND;Violet Brown
779;F;20;MN;Violet Brown
780;F;31;ND;John Green
781;F;27;OR;John Green
782;F;69;TX;Violet Brown
783;M;45;AZ;Violet Brown
784;F;36;MS;John Green
785;M;29;NH;Violet Brown
786;M;49;SC;John Green
787;M;31;WA;Violet Brown
788;F;33;TN;Violet Brown
789;M;67;SD;Violet Brown
790;M;48;AZ;John Green
791;M;60;DE;Violet Brown
792;F;64;CT;John Green
793;F;50;GA;John Green
794;F;31;NH;John Green
795;M;18;NY;Violet Brown
796;F;23;TX;John Green
797;M;54;MN;John Green
798;M;56;MO;Violet Brown
799;F;45;NY;Violet Brown
800;M;45;VA;Violet Brown
801;F;37;MN;John Green
802;M;19;OR;Violet Brown
803;F;21;ME;Violet Brown
804;F;29;DE;Violet Brown
805;M;59;NH;John Green
806;M;46;AK;John Green
807;M;60;IA;John Green
808;F;20;AK;John Green
809;M;27;OH;John Green
810;M;47;SD;Violet Brown
811;F;38;AL;Violet Brown
812;F;27;NV;Violet Brown
813;F;64;NM;John Green
814;M;69;MS;Violet Brown
815;F;57;VT;Violet Brown
816;M;56;MO;Violet Brown
817;F;46;NY;Violet Brown
818;M;52;KS;Violet Brown
819;F;20;NJ;John Green
820;M;39;MS;Violet Brown
821;F;38;MD;John Green
822;F;55;IL;John Green
823;F;43;PA;Violet Brown
824;M;63;IN;Violet Brown
825;F;32;DE;Violet Brown
826;M;18;SD;Violet Brown
827;M;39;FL;John Green
828;F;37;ME;Violet Brown
829;M;41;HI;John Green
830;F;24;MA;Violet Brown
831;M;46;CT;Violet Brown
832;F;52;GA;Violet Brown
833;M;21;AL;John Green
834;F;33;TN;John Green
835;F;35;MO;Violet Brown
836;M;58;LA;Violet Brown
837;F;68;WV;John Green
838;F;32;PA;Violet Brown
839;M;22;OK;Violet Brown
840;F;31;NY;Violet Brown
841;M;64;IL;Violet Brown
842;M;57;VT;John Green
843;F;53;KY;Violet Brown
844;F;40;GA;Violet Brown
845;F;22;ME;John Green
846;M;60;MI;John Green
847;F;34;ND;John Green
848;M;56;VT;Violet Brown
849;F;26;ND;Violet Brown
850;F;63;NM;Violet Brown
851;M;63;MI;John Green
852;M;50;NC;Violet Brown
853;F;70;MA;John Green
854;F;31;VA;Violet Brown
855;M;20;WA;Violet Brown
856;F;64;ID;John Green
857;M;19;OK;John Green
858;F;43;LA;Violet Brown
859;F;57;MS;Violet Brown
860;M;53;WI;Violet Brown
861;F;44;IL;Violet Brown
862;M;42;KY;Violet Brown
863;F;68;WV;Violet Brown
864;M;37;AR;Violet Brown
865;F;59;RI;John Green
866;M;34;KY;Violet Brown
867;F;60;UT;Violet Brown
868;F;20;MS;Violet Brown
869;F;49;NH;Violet Brown
870;F;65;OH;John Green
871;F;56;FL;Violet Brown
872;F;45;WI;Violet Brown
873;F;63;MA;John Green
874;F;25;MN;Violet Brown
875;F;26;KS;Violet Brown
876;M;22;NC;Violet Brown
877;M;33;KS;Violet Brown
878;F;29;IA;Violet Brown
879;M;47;NM;Violet Brown
880;F;44;RI;Violet Brown
881;M;23;DE;Violet Brown
882;F;57;MD;John Green
883;M;58;VA;Violet Brown
884;M;59;LA;John Green
885;F;61;RI;John Green
886;M;59;CO;Violet Brown
887;M;67;PA;John Green
888;M;69;NH;Violet Brown
889;M;69;NC;John Green
890;F;70;AZ;John Green
891;M;40;NE;John Green
892;M;55;OK;Violet Brown
893;F;35;IL;Violet Brown
894;M;40;MS;John Green
895;M;43;IA;John Green
896;M;43;OH;Violet Brown
897;M;40;SD;John Green
898;F;49;WV;John Green
899;M;70;SD;Violet Brown
900;F;44;LA;John Green
901;M;41;NE;Violet Brown
902;M;50;MI;Violet Brown
903;M;64;MD;John Green
904;M;27;ID;Violet Brown
905;F;64;GA;John Green
906;F;19;IN;Violet Brown
907;F;22;CA;Violet Brown
908;M;47;OR;Violet Brown
909;M;35;NV;John Green
910;M;26;FL;Violet Brown
911;M;67;MD;Violet Brown
912;M;26;NM;Violet Brown
913;M;53;MD;Violet Brown
914;M;63;UT;John Green
915;M;68;ME;Violet Brown
916;M;68;NJ;Violet Brown
917;F;41;IL;Violet Brown
918;M;65;NE;John Green
919;M;54;MN;John Green
920;M;44;PA;Violet Brown
921;F;24;TX;Violet Brown
922;F;21;IA;Violet Brown
923;M;66;SD;Violet Brown
924;M;39;KY;John Green
925;M;56;ID;John Green
926;F;63;MD;John Green
927;M;61;TN;Violet Brown
928;M;49;SC;John Green
929;M;47;SC;Violet Brown
930;M;43;AR;Violet Brown
931;M;40;OR;John Green
932;M;29;NH;Violet Brown
933;F;36;NC;John Green
934;F;21;SD;Violet Brown
935;F;28;HI;Violet Brown
936;F;63;ME;Violet Brown
937;M;32;FL;John Green
938;F;64;LA;Violet Brown
939;M;18;AZ;Violet Brown
940;F;20;KS;Violet Brown
941;M;45;WV;Violet Brown
942;F;44;OH;Violet Brown
943;F;61;RI;John Green
944;M;53;NJ;Violet Brown
945;F;55;KY;Violet Brown
946;F;64;TX;John Green
947;F;21;TX;John Green
948;F;68;GA;Violet Brown
949;F;26;AZ;John Green
950;M;39;CO;Violet Brown
951;M;24;ID;John Green
952;M;18;AR;Violet Brown
953;M;20;ND;John Green
954;F;30;CA;Violet Brown
955;M;22;SC;John Green
956;F;69;MA;John Green
957;M;35;AR;Violet Brown
958;M;45;WA;Violet Brown
959;F;41;IN;Violet Brown
960;F;18;MI;Violet Brown
961;M;28;MN;Violet Brown
962;F;19;NM;Violet Brown
963;F;54;FL;Violet Brown
964;F;28;FL;John Green
965;F;29;WV;John Green
966;F;28;GA;John Green
967;M;56;IA;Violet Brown
968;F;54;NH;Violet Brown
969;F;45;ND;Violet Brown
970;F;37;TN;John Green
971;F;21;NM;Violet Brown
972;M;69;NV;John Green
973;M;29;NJ;John Green
974;M;40;HI;Violet Brown
975;F;23;IA;John Green
976;M;64;HI;John Green
977;F;65;MD;Violet Brown
978;F;23;MO;Violet Brown
979;F;39;ND;John Green
980;M;28;NY;Violet Brown
981;M;38;UT;Violet Brown
982;M;21;IL;John Green
983;M;23;VA;Violet Brown
984;M;39;CO;Violet Brown
985;F;57;VT;John Green
986;M;61;IA;Violet Brown
987;F;63;HI;Violet Brown
988;M;57;MT;John Green
989;M;65;WA;Violet Brown
990;F;32;VA;John Green
991;M;40;NV;Violet Brown
992;F;66;AZ;Violet Brown
993;M;48;CT;Violet Brown
994;F;25;PA;Violet Brown
995;M;62;TX;Violet Brown
996;M;66;MN;John Green
997;M;47;NE;John Green
998;M;33;RI;Violet Brown
999;M;23;TN;John Green
1000;F;19;WI;Violet Brown
1001;F;58;CO;Violet Brown
1002;F;69;CT;Violet Brown
1003;M;29;KY;John Green
1004;F;42;NY;Violet Brown
1005;M;18;NV;Violet Brown
1006;F;65;IL;Violet Brown
1007;F;35;VT;Violet Brown
1008;F;18;KS;John Green
1009;M;21;OH;Violet Brown
1010;F;22;NY;Violet Brown
1011;F;55;NY;Violet Brown
1012;F;54;NV;John Green
1013;F;32;OK;John Green
1014;M;66;AK;Violet Brown
1015;F;41;IN;Violet Brown
1016;F;64;ME;John Green
1017;F;39;MS;Violet Brown
1018;M;62;MO;John Green
1019;F;33;HI;Violet Brown
1020;M;32;AR;Violet Brown
1021;M;45;UT;Violet Brown
1022;M;39;SC;John Green
1023;F;27;OH;Violet Brown
1024;M;32;KY;John Green
1025;M;48;MN;John Green
1026;M;69;SC;Violet Brown
1027;M;54;MD;Violet Brown
1028;F;35;NJ;Violet Brown
1029;F;65;TX;John Green
1030;F;51;MS;Violet Brown
1031;F;67;ME;John Green
1032;M;21;CT;Violet Brown
1033;M;58;CT;Violet Brown
1034;F;36;SC;Violet Brown
1035;F;69;IL;Violet Brown
1036;M;34;AZ;John Green
1037;M;27;DE;Violet Brown
1038;F;55;WV;John Green
1039;M;60;DE;Violet Brown
1040;M;52;TN;John Green
1041;M;36;WV;John Green
1042;F;59;VT;Violet Brown
1043;F;56;MN;John Green
1044;M;53;WY;Violet Brown
1045;M;50;GA;John Green
1046;M;31;ID;Violet Brown
1047;M;69;MS;Violet Brown
1048;M;19;KY;John Green
1049;F;25;OK;John Green
1050;F;59;KS;Violet Brown
1051;F;51;KY;Violet Brown
1052;F;42;IN;John Green
1053;M;35;VT;Violet Brown
1054;M;32;NH;John Green
1055;F;64;NC;John Green
1056;M;34;MA;Violet Brown
1057;M;49;AR;Violet Brown
1058;M;47;OK;John Green
1059;M;20;HI;John Green
1060;F;18;NM;John Green
1061;F;25;TN;John Green
1062;F;20;NM;John Green
1063;F;51;GA;John Green
1064;M;26;AR;Violet Brown
1065;M;56;NJ;Violet Brown
1066;M;46;RI;Violet Brown
1067;M;64;NE;Violet Brown
1068;M;58;AR;Violet Brown
1069;F;48;NE;Violet Brown
1070;F;35;MN;John Green
1071;M;62;DE;John Green
1072;M;30;TX;John Green
1073;F;52;KS;John Green
1074;F;55;VT;Violet Brown
1075;M;37;KS;Violet Brown
1076;M;24;MD;John Green
1077;F;54;IA;Violet Brown
1078;F;68;RI;Violet Brown
1079;M;32;NE;Violet Brown
1080;F;34;UT;Violet Brown
1081;F;64;NE;Violet Brown
1082;F;62;AL;Violet Brown
1083;F;54;OH;John Green
1084;F;26;NC;Violet Brown
1085;M;40;WY;Violet Brown
1086;F;25;MD;John Green
1087;M;29;MI;Violet Brown
1088;M;21;IA;John Green
1089;M;42;MS;John Green
1090;F;32;AL;John Green
1091;F;27;FL;John Green
1092;F;36;MD;John Green
1093;M;52;LA;John Green
1094;F;45;TN;Violet Brown
1095;M;26;TX;John Green
1096;M;32;ND;Violet Brown
1097;F;21;TN;John Green
1098;M;21;IL;John Green
1099;F;46;NH;John Green
1100;F;69;NJ;John Green
1101;F;47;WY;John Green
1102;F;37;TX;Violet Brown
1103;F;52;VA;Violet Brown
1104;M;61;LA;Violet Brown
1105;M;21;ND;Violet Brown
1106;F;36;NY;Violet Brown
1107;M;22;WI;Violet Brown
1108;F;19;FL;John Green
1109;M;28;NV;John Green
1110;M;58;AK;Violet Brown
1111;M;24;AK;John Green
1112;M;65;VT;John Green
1113;F;68;UT;Violet Brown
1114;M;54;AL;Violet Brown
1115;M;48;MT;Violet Brown
1116;F;61;TN;John Green
1117;F;43;PA;Violet Brown
1118;F;53;MS;John Green
1119;F;21;MT;John Green
1120;F;45;MI;Violet Brown
1121;M;43;AK;Violet Brown
1122;F;20;WV;John Green
1123;M;67;AR;Violet Brown
1124;F;28;AZ;Violet Brown
1125;M;52;MS;Violet Brown
1126;F;57;FL;John Green
1127;M;68;ID;John Green
1128;M;50;HI;Violet Brown
1129;M;51;WY;John Green
1130;F;29;NY;John Green
1131;F;42;RI;John Green
1132;M;66;NM;John Green
1133;M;53;MN;John Green
1134;M;32;KY;Violet Brown
1135;M;59;VA;Violet Brown
1136;F;25;HI;Violet Brown
1137;F;28;WI;Violet Brown
1138;M;63;CA;Violet Brown
1139;F;40;MS;John Green
1140;F;58;SD;John Green
1141;F;30;TN;John Green
1142;F;21;OH;John Green
1143;F;24;MA;Violet Brown
1144;F;42;MO;Violet Brown
1145;M;29;MN;John Green
1146;M;47;LA;Violet Brown
1147;M;37;NY;Violet Brown
1148;F;26;CA;Violet Brown
1149;F;65;AK;John Green
1150;F;55;AK;Violet Brown
1151;F;66;IA;John Green
1152;F;44;KY;Violet Brown
1153;M;51;GA;Violet Brown
1154;M;20;NC;Violet Brown
1155;F;62;DE;Violet Brown
1156;F;68;NJ;Violet Brown
1157;M;57;AR;Violet Brown
1158;F;29;KS;John Green
1159;F;59;KY;John Green
1160;F;57;GA;John Green
1161;M;29;CA;Violet Brown
1162;M;61;MS;John Green
1163;M;66;FL;John Green
1164;M;55;IA;John Green
1165;M;30;UT;John Green
1166;F;23;IL;Violet Brown
1167;F;40;NY;Violet Brown
1168;M;35;MO;John Green
1169;F;53;AL;Violet Brown
1170;M;46;NV;Violet Brown
1171;F;66;KY;John Green
1172;F;45;NV;John Green
1173;F;69;UT;Violet Brown
1174;F;35;TN;Violet Brown
1175;M;68;WY;Violet Brown
1176;F;41;WI;Violet Brown
1177;M;20;VT;John Green
1178;F;58;MA;John Green
1179;M;34;NJ;Violet Brown
1180;F;26;WV;John Green
1181;M;29;PA;John Green
1182;M;56;NY;John Green
1183;M;65;DE;Violet Brown
1184;F;34;KY;Violet Brown
1185;F;37;OH;Violet Brown
1186;M;61;MD;Violet Brown
1187;F;50;NM;Violet Brown
1188;M;61;WY;Violet Brown
1189;M;20;IA;John Green
1190;M;53;HI;Violet Brown
1191;M;30;CO;Violet Brown
1192;F;30;TX;Violet Brown
1193;M;38;MT;Violet Brown
1194;F;53;FL;John Green
1195;M;69;WV;Violet Brown
1196;M;68;MS;John Green
1197;M;45;IL;John Green
1198;F;59;MI;John Green
1199;F;30;NE;Violet Brown
1200;F;25;OK;John Green
1201;M;61;LA;John Green
1202;M;26;MT;John Green
1203;M;21;WY;John Green
1204;F;59;WA;John Green
1205;M;18;MI;Violet Brown
1206;M;41;ME;Violet Brown
1207;F;42;WA;John Green
1208;F;24;MS;John Green
1209;F;23;MA;John Green
1210;M;34;SC;Violet Brown
1211;M;62;CT;Violet Brown
1212;M;53;NE;Violet Brown
1213;M;62;OR;Violet Brown
1214;M;66;RI;Violet Brown
1215;F;31;MD;John Green
1216;F;41;ND;John Green
1217;F;69;CA;John Green
1218;F;29;WI;John Green
1219;F;18;OH;Violet Brown
1220;M;67;TN;Violet Brown
1221;M;20;UT;Violet Brown
1222;M;66;WA;John Green
1223;M;64;MT;John Green
1224;M;59;MI;John Green
1225;F;69;OH;Violet Brown
1226;M;33;IL;John Green
1227;M;69;MD;Violet Brown
1228;F;37;AR;Violet Brown
1229;M;55;SC;Violet Brown
1230;F;35;IA;Violet Brown
1231;M;49;KY;John Green
1232;M;63;CT;Violet Brown
1233;F;48;IL;John Green
1234;M;47;AR;John Green
1235;M;28;KY;Violet Brown
1236;M;54;NE;John Green
1237;F;60;CA;Violet Brown
1238;M;47;WV;John Green
1239;M;38;MI;Violet Brown
1240;M;35;AL;Violet Brown
1241;F;61;ND;John Green
1242;F;38;OK;Violet Brown
1243;F;36;AK;John Green
1244;M;49;NM;Violet Brown
1245;M;36;IA;Violet Brown
1246;M;29;PA;John Green
1247;M;60;SD;Violet Brown
1248;F;46;IN;John Green
1249;F;29;MD;Violet Brown
1250;M;54;MN;Violet Brown
1251;M;19;MS;Violet Brown
1252;M;67;TN;Violet Brown
1253;F;69;IA;John Green
1254;F;52;MA;Violet Brown
1255;F;21;MA;Violet Brown
1256;F;42;AK;Violet Brown
1257;M;24;CA;John Green
1258;M;22;AL;Violet Brown
1259;F;46;CA;Violet Brown
1260;M;37;IA;Violet Brown
1261;F;52;CO;John Green
1262;F;33;KY;Violet Brown
1263;M;25;AR;Violet Brown
1264;F;58;WV;Violet Brown
1265;F;50;NJ;Violet Brown
1266;M;65;PA;Violet Brown
1267;M;64;OH;Violet Brown
1268;F;37;NM;John Green
1269;M;61;MI;John Green
1270;M;30;CA;John Green
1271;M;35;NY;John Green
1272;M;46;MN;Violet Brown
1273;M;45;VT;John Green
1274;M;52;AL;John Green
1275;F;60;MA;Violet Brown
1276;F;24;MI;John Green
1277;M;29;MS;John Green
1278;M;40;IL;John Green
1279;F;40;NY;Violet Brown
1280;M;56;CO;Violet Brown
1281;M;69;CA;John Green
1282;M;55;MI;John Green
1283;M;27;SC;Violet Brown
1284;M;37;IN;John Green
1285;F;22;MI;John Green
1286;F;62;UT;Violet Brown
1287;M;20;IA;Violet Brown
1288;F;31;IL;Violet Brown
1289;M;21;MT;Violet Brown
1290;F;68;AZ;Violet Brown
1291;F;45;AK;Violet Brown
1292;M;54;IA;Violet Brown
1293;M;22;KS;Violet Brown
1294;F;32;RI;Violet Brown
1295;M;55;CO;Violet Brown
1296;M;22;OH;Violet Brown
1297;M;64;IA;Violet Brown
1298;M;65;KS;John Green
1299;M;59;MN;Violet Brown
1300;F;51;NH;John Green
1301;M;47;SD;Violet Brown
1302;F;31;AK;Violet Brown
1303;M;50;MA;John Green
1304;F;30;NM;Violet Brown
1305;M;20;NV;Violet Brown
1306;M;22;WY;Violet Brown
1307;M;34;NH;John Green
1308;F;57;OK;Violet Brown
1309;F;60;UT;John Green
1310;F;58;IA;John Green
1311;M;37;ME;John Green
1312;F;28;MT;John Green
1313;M;54;OH;Violet Brown
1314;F;62;DE;Violet Brown
1315;F;29;MT;John Green
1316;M;54;MA;John Green
1317;F;70;MT;Violet Brown
1318;M;63;NM;John Green
1319;F;58;FL;John Green
1320;M;40;IN;John Green
1321;M;19;MN;Violet Brown
1322;M;25;WA;Violet Brown
1323;M;49;MT;Violet Brown
1324;F;49;MO;John Green
1325;M;39;AZ;John Green
1326;F;24;OR;Violet Brown
1327;M;39;SD;Violet Brown
1328;F;52;TX;John Green
1329;F;66;ME;John Green
1330;F;25;NM;John Green
1331;F;55;MD;John Green
1332;F;61;VT;Violet Brown
1333;M;24;WI;John Green
1334;F;61;NC;John Green
1335;F;31;WA;John Green
1336;F;38;TN;John Green
1337;F;18;SC;Violet Brown
1338;F;35;TN;Violet Brown
1339;M;37;IN;John Green
1340;F;31;IA;John Green
1341;F;45;TN;Violet Brown
1342;M;25;MI;Violet Brown
1343;F;51;NY;John Green
1344;M;62;CT;John Green
1345;M;55;MA;Violet Brown
1346;F;64;PA;John Green
1347;F;24;IN;John Green
1348;M;50;SC;Violet Brown
1349;M;60;NH;Violet Brown
1350;M;39;OH;Violet Brown
1351;F;19;GA;John Green
1352;M;43;AL;Violet Brown
1353;M;47;TX;John Green
1354;M;36;KY;Violet Brown
1355;F;32;AR;John Green
1356;F;48;MO;Violet Brown
1357;M;45;VT;Violet Brown
1358;M;48;WI;Violet Brown
1359;M;29;AK;John Green
1360;F;27;ND;Violet Brown
1361;F;56;NC;John Green
1362;M;41;AR;Violet Brown
1363;M;64;CA;Violet Brown
1364;F;68;ID;Violet Brown
1365;M;47;VT;John Green
1366;F;34;WI;John Green
1367;F;46;MT;Violet Brown
1368;F;46;HI;Violet Brown
1369;F;59;CO;Violet Brown
1370;M;50;VA;Violet Brown
1371;F;50;HI;John Green
1372;M;36;CA;Violet Brown
1373;F;50;HI;John Green
1374;M;42;MI;John Green
1375;F;35;ME;Violet Brown
1376;F;33;IL;Violet Brown
1377;F;33;KY;Violet Brown
1378;F;39;UT;John Green
1379;M;19;NV;Violet Brown
1380;F;21;SC;John Green
1381;M;22;MN;John Green
1382;M;47;NE;Violet Brown
1383;M;61;HI;John Green
1384;M;36;CO;John Green
1385;M;47;HI;John Green
1386;M;26;OK;Violet Brown
1387;M;41;IN;John Green
1388;F;41;SC;Violet Brown
1389;F;48;UT;Violet Brown
1390;F;33;AL;Violet Brown
1391;F;67;NV;Violet Brown
1392;M;66;SD;Violet Brown
1393;M;70;ID;Violet Brown
1394;M;22;HI;John Green
1395;F;30;CA;Violet Brown
1396;F;26;OH;Violet Brown
1397;M;41;MN;John Green
1398;M;24;HI;John Green
1399;M;58;TN;John Green
1400;M;21;ND;Violet Brown
1401;M;37;PA;John Green
1402;M;69;OR;Violet Brown
1403;F;53;ME;John Green
1404;F;21;NJ;John Green
1405;M;65;AL;Violet Brown
1406;F;66;DE;John Green
1407;M;58;MS;Violet Brown
1408;M;66;DE;John Green
1409;M;31;MA;John Green
1410;M;23;NE;Violet Brown
1411;M;54;MS;Violet Brown
1412;F;52;WV;John Green
1413;F;62;IA;John Green
1414;M;70;CO;John Green
1415;M;49;LA;Violet Brown
1416;M;23;ME;Violet Brown
1417;M;65;NE;Violet Brown
1418;F;38;KS;John Green
1419;F;70;RI;Violet Brown
1420;F;42;OK;Violet Brown
1421;F;68;RI;John Green
1422;F;46;NY;John Green
1423;M;34;VT;John Green
1424;F;28;WA;Violet Brown
1425;F;61;NH;John Green
1426;F;18;UT;Violet Brown
1427;F;49;KY;Violet Brown
1428;F;38;LA;Violet Brown
1429;F;45;AR;John Green
1430;F;32;NV;Violet Brown
1431;M;37;NM;Violet Brown
1432;F;57;VT;Violet Brown
1433;M;42;VA;John Green
1434;F;36;NE;John Green
1435;F;43;MD;John Green
1436;F;26;OK;John Green
1437;F;20;MN;John Green
1438;M;47;KS;John Green
1439;F;20;OH;John Green
1440;F;27;MT;Violet Brown
1441;F;42;NH;John Green
1442;F;59;NM;Violet Brown
1443;M;69;VA;Violet Brown
1444;M;19;UT;John Green
1445;M;44;IN;John Green
1446;F;31;MD;Violet Brown
1447;F;65;MT;John Green
1448;F;40;OK;Violet Brown
1449;F;66;RI;John Green
1450;F;47;DE;Violet Brown
1451;F;48;VA;Violet Brown
1452;M;41;DE;Violet Brown
1453;M;44;MT;Violet Brown
1454;M;54;SC;John Green
1455;M;22;SD;Violet Brown
1456;F;42;WA;Violet Brown
1457;M;62;MT;Violet Brown
1458;M;64;MD;John Green
1459;F;19;DE;Violet Brown
1460;F;60;NH;John Green
1461;M;26;OR;Violet Brown
1462;M;38;MA;John Green
1463;F;37;RI;Violet Brown
1464;F;30;GA;John Green
1465;M;42;UT;John Green
1466;F;28;DE;Violet Brown
1467;M;43;VT;John Green
1468;M;55;WV;John Green
1469;M;20;IL;Violet Brown
1470;M;47;ND;Violet Brown
1471;F;29;AZ;Violet Brown
1472;M;46;OK;John Green
1473;M;33;MO;Violet Brown
1474;M;54;WY;John Green
1475;M;58;TX;Violet Brown
1476;M;22;MN;John Green
1477;F;66;SC;Violet Brown
1478;M;69;KY;Violet Brown
1479;F;49;AR;John Green
1480;M;52;DE;John Green
1481;M;21;CT;John Green
1482;F;37;NH;John Green
1483;M;22;MD;John Green
1484;F;68;OK;John Green
1485;M;58;IA;Violet Brown
1486;M;56;MA;Violet Brown
1487;F;24;CA;John Green
1488;M;33;KS;John Green
1489;M;51;MI;Violet Brown
1490;M;41;AR;Violet Brown
1491;F;22;ND;John Green
1492;F;58;MA;Violet Brown
1493;M;67;RI;John Green
1494;F;28;ND;John Green
1495;F;29;ND;Violet Brown
1496;F;41;AZ;Violet Brown
1497;F;28;TN;Violet Brown
1498;M;48;ME;Violet Brown
1499;F;52;TN;John Green
1500;M;27;TN;Violet Brown
1501;F;52;NC;Violet Brown
1502;F;41;GA;Violet Brown
1503;M;64;HI;Violet Brown
1504;F;41;SC;John Green
1505;F;59;SD;John Green
1506;F;69;MD;Violet Brown
1507;M;25;VA;John Green
1508;M;23;NC;John Green
1509;M;70;TX;Violet Brown
1510;F;21;AR;Violet Brown
1511;M;32;ID;John Green
1512;M;66;MO;Violet Brown
1513;F;67;RI;John Green
1514;M;29;MT;Violet Brown
1515;M;61;KY;Violet Brown
1516;F;64;GA;John Green
1517;M;45;SC;Violet Brown
1518;M;29;MS;John Green
1519;M;28;MI;John Green
1520;F;58;OK;John Green
1521;M;58;MT;John Green
1522;M;38;AZ;Violet Brown
1523;M;26;CO;John Green
1524;M;26;VA;John Green
1525;M;52;GA;John Green
1526;F;37;MO;John Green
1527;F;42;SC;John Green
1528;M;37;AL;Violet Brown
1529;F;29;MI;Violet Brown
1530;F;60;VA;Violet Brown
1531;M;31;AR;Violet Brown
1532;M;56;OH;Violet Brown
1533;F;18;NE;Violet Brown
1534;F;34;ND;Violet Brown
1535;F;54;MN;Violet Brown
1536;M;55;GA;Violet Brown
1537;F;58;MS;Violet Brown
1538;M;30;TN;Violet Brown
1539;M;68;WV;Violet Brown
1540;F;43;ND;Violet Brown
1541;M;57;NC;John Green
1542;F;42;NM;John Green
1543;F;21;VA;John Green
1544;F;44;KY;Violet Brown
1545;F;23;NM;John Green
1546;F;58;AL;John Green
1547;F;46;VA;John Green
1548;F;56;MN;Violet Brown
1549;F;44;FL;Violet Brown
1550;F;57;CT;John Green
1551;M;36;NH;Violet Brown
1552;F;66;CT;John Green
1553;F;41;MS;John Green
1554;F;23;NY;Violet Brown
1555;M;20;FL;Violet Brown
1556;M;29;RI;Violet Brown
1557;F;48;NH;John Green
1558;F;27;NE;Violet Brown
1559;F;37;MD;Violet Brown
1560;M;35;MA;Violet Brown
1561;F;24;ID;John Green
1562;M;20;TN;John Green
1563;M;43;ID;John Green
1564;M;58;CO;Violet Brown
1565;F;36;WY;Violet Brown
1566;M;60;OK;John Green
1567;F;19;NM;John Green
1568;M;20;UT;Violet Brown
1569;F;61;WI;Violet Brown
1570;M;37;MI;Violet Brown
1571;F;48;MA;John Green
1572;F;60;MT;John Green
1573;M;33;MA;Violet Brown
1574;M;61;NE;John Green
1575;F;60;AR;John Green
1576;F;68;PA;Violet Brown
1577;F;42;KY;Violet Brown
1578;M;32;AZ;Violet Brown
1579;M;18;IL;John Green
1580;F;39;KY;Violet Brown
1581;M;40;VA;Violet Brown
1582;F;23;NM;John Green
1583;M;29;WA;John Green
1584;M;18;NJ;Violet Brown
1585;F;35;VA;John Green
1586;F;39;TN;Violet Brown
1587;F;63;DE;Violet Brown
1588;F;66;SC;Violet Brown
1589;M;25;UT;Violet Brown
1590;F;34;NJ;Violet Brown
1591;M;53;SC;Violet Brown
1592;M;45;ID;John Green
1593;M;56;NC;John Green
1594;F;57;MI;Violet Brown
1595;F;42;NE;Violet Brown
1596;M;23;AL;Violet Brown
1597;F;21;NM;Violet Brown
1598;M;31;TN;John Green
1599;F;46;SC;John Green
1600;M;31;AR;Violet Brown
1601;F;32;TX;Violet Brown
1602;F;26;ID;John Green
1603;F;27;UT;Violet Brown
1604;F;36;GA;John Green
1605;M;43;NJ;John Green
1606;F;62;MI;Violet Brown
1607;F;53;MN;Violet Brown
1608;M;55;ID;Violet Brown
1609;F;22;DE;Violet Brown
1610;M;26;VT;Violet Brown
1611;M;67;SC;Violet Brown
1612;F;42;MO;John Green
1613;F;62;AZ;John Green
1614;F;34;OH;Violet Brown
1615;F;68;LA;John Green
1616;M;25;AZ;John Green
1617;M;20;NJ;Violet Brown
1618;M;40;GA;Violet Brown
1619;F;68;SC;John Green
1620;M;65;NH;Violet Brown
1621;F;32;NM;Violet Brown
1622;M;22;IL;Violet Brown
1623;M;27;HI;John Green
1624;F;25;OK;John Green
1625;M;20;ID;Violet Brown
1626;F;41;CO;Violet Brown
1627;F;26;IN;John Green
1628;M;63;MT;Violet Brown
1629;F;54;MT;Violet Brown
1630;M;53;WV;Violet Brown
1631;F;50;NV;Violet Brown
1632;M;41;HI;John Green
1633;F;33;WV;Violet Brown
1634;M;37;CT;Violet Brown
1635;M;41;RI;John Green
1636;M;58;OK;Violet Brown
1637;F;30;GA;Violet Brown
1638;M;26;TX;Violet Brown
1639;F;46;MD;Violet Brown
1640;M;34;IA;John Green
1641;F;19;GA;Violet Brown
1642;F;31;LA;John Green
1643;M;27;IN;Violet Brown
1644;M;47;OR;John Green
1645;F;70;ME;John Green
1646;F;64;AK;John Green
1647;M;57;CO;Violet Brown
1648;M;27;WI;Violet Brown
1649;M;37;OK;Violet Brown
1650;M;53;SC;John Green
1651;F;24;TN;John Green
1652;M;56;OH;Violet Brown
1653;F;64;VT;Violet Brown
1654;F;55;KY;Violet Brown
1655;F;20;TN;Violet Brown
1656;F;55;OH;Violet Brown
1657;M;53;WI;John Green
1658;F;64;OK;John Green
1659;F;35;MA;John Green
1660;F;53;WV;John Green
1661;M;54;TN;Violet Brown
1662;M;25;VA;Violet Brown
1663;M;60;AR;Violet Brown
1664;F;38;WA;John Green
1665;M;27;AR;John Green
1666;F;67;CA;John Green
1667;F;61;KS;John Green
1668;F;64;SD;John Green
1669;M;46;MN;John Green
1670;M;42;VT;Violet Brown
1671;F;21;OR;Violet Brown
1672;F;37;IA;Violet Brown
1673;M;53;DE;Violet Brown
1674;M;52;AK;John Green
1675;M;68;MI;Violet Brown
1676;F;38;GA;Violet Brown
1677;F;33;OH;Violet Brown
1678;M;18;MN;Violet Brown
1679;F;22;TN;Violet Brown
1680;F;39;NH;Violet Brown
1681;M;23;MT;Violet Brown
1682;F;31;LA;Violet Brown
1683;F;59;MO;John Green
1684;M;43;UT;John Green
1685;M;33;IA;Violet Brown
1686;F;62;RI;Violet Brown
1687;M;25;CA;Violet Brown
1688;F;52;MD;Violet Brown
1689;F;67;AR;John Green
1690;M;50;PA;John Green
1691;M;45;ND;Violet Brown
1692;F;30;CO;Violet Brown
1693;F;51;NY;Violet Brown
1694;F;51;ND;Violet Brown
1695;M;25;NM;Violet Brown
1696;F;28;WI;John Green
1697;F;23;DE;John Green
1698;F;18;VA;Violet Brown
1699;M;66;ID;John Green
1700;M;49;IN;Violet Brown
1701;F;64;MA;Violet Brown
1702;F;50;MT;Violet Brown
1703;F;38;AK;Violet Brown
1704;M;33;OH;Violet Brown
1705;F;57;SC;Violet Brown
1706;F;48;AK;John Green
1707;F;49;SC;Violet Brown
1708;M;23;MN;Violet Brown
1709;M;21;TN;John Green
1710;M;32;HI;Violet Brown
1711;F;26;MI;John Green
1712;F;24;GA;Violet Brown
1713;F;64;CA;John Green
1714;M;70;CT;John Green
1715;M;34;WA;Violet Brown
1716;F;39;OH;Violet Brown
1717;F;70;WI;Violet Brown
1718;M;66;PA;John Green
1719;M;40;MA;Violet Brown
1720;F;70;AR;Violet Brown
1721;F;50;TX;Violet Brown
1722;F;35;AR;Violet Brown
1723;F;26;NH;John Green
1724;M;55;UT;John Green
1725;M;18;NM;Violet Brown
1726;M;53;FL;Violet Brown
1727;M;42;WY;Violet Brown
1728;F;55;NJ;John Green
1729;M;53;MA;Violet Brown
1730;M;41;FL;John Green
1731;F;45;OR;Violet Brown
1732;F;63;SD;Violet Brown
1733;F;32;HI;John Green
1734;M;34;UT;Violet Brown
1735;M;31;VT;Violet Brown
1736;F;51;WY;Violet Brown
1737;M;48;TN;John Green
1738;F;52;MD;Violet Brown
1739;M;33;OR;John Green
1740;M;51;HI;John Green
1741;M;27;AK;John Green
1742;M;41;NV;Violet Brown
1743;F;51;SC;Violet Brown
1744;M;37;WY;Violet Brown
1745;F;25;OH;Violet Brown
1746;M;60;AK;Violet Brown
1747;M;28;FL;John Green
1748;M;56;MS;John Green
1749;F;56;CA;Violet Brown
1750;M;62;TN;Violet Brown
1751;M;56;DE;John Green
1752;F;35;VA;Violet Brown
1753;F;39;CA;John Green
1754;F;18;AK;Violet Brown
1755;M;24;ND;Violet Brown
1756;M;60;RI;John Green
1757;F;18;IL;John Green
1758;M;23;WA;John Green
1759;M;54;NV;John Green
1760;M;28;NC;John Green
1761;M;49;AL;Violet Brown
1762;M;54;DE;John Green
1763;M;35;NE;Violet Brown
1764;M;38;IN;John Green
1765;M;43;HI;John Green
1766;M;24;MO;Violet Brown
1767;M;48;TX;Violet Brown
1768;M;21;MN;Violet Brown
1769;F;59;WI;Violet Brown
1770;M;67;KY;Violet Brown
1771;F;20;FL;John Green
1772;M;70;AZ;Violet Brown
1773;M;20;UT;John Green
1774;F;50;IA;Violet Brown
1775;M;55;TN;John Green
1776;F;58;TX;John Green
1777;M;56;MA;Violet Brown
1778;F;65;NJ;John Green
1779;M;26;MI;John Green
1780;M;26;CA;Violet Brown
1781;M;64;DE;John Green
1782;F;64;NY;Violet Brown
1783;M;59;MN;Violet Brown
1784;M;20;NY;Violet Brown
1785;M;49;AZ;Violet Brown
1786;F;64;GA;Violet Brown
1787;M;37;FL;John Green
1788;F;60;MN;John Green
1789;M;36;AK;Violet Brown
1790;M;52;TN;Violet Brown
1791;F;55;NY;John Green
1792;M;24;WI;Violet Brown
1793;M;36;MD;Violet Brown
1794;M;36;NC;Violet Brown
1795;F;45;GA;Violet Brown
1796;F;39;MA;John Green
1797;F;24;MN;John Green
1798;F;32;FL;John Green
1799;M;69;NC;Violet Brown
1800;F;41;NE;Violet Brown
1801;M;44;WY;Violet Brown
1802;F;21;WI;John Green
1803;M;39;ME;John Green
1804;M;43;GA;Violet Brown
1805;F;45;CO;John Green
1806;F;18;OK;Violet Brown
1807;F;57;NC;John Green
1808;M;60;MO;John Green
1809;M;59;IN;John Green
1810;F;39;CA;John Green
1811;M;27;OH;John Green
1812;M;45;ME;John Green
1813;F;20;FL;John Green
1814;M;36;AK;Violet Brown
1815;F;58;ID;Violet Brown
1816;M;57;SC;John Green
1817;M;41;MI;Violet Brown
1818;M;48;PA;Violet Brown
1819;M;28;WV;John Green
1820;F;24;TN;John Green
1821;F;42;OH;John Green
1822;M;34;SD;Violet Brown
1823;F;42;RI;Violet Brown
1824;F;21;DE;Violet Brown
1825;F;49;MI;John Green
1826;M;33;MN;Violet Brown
1827;M;38;IN;Violet Brown
1828;F;47;MA;Violet Brown
1829;F;48;VA;Violet Brown
1830;F;69;AR;Violet Brown
1831;F;48;ME;Violet Brown
1832;F;69;NY;Violet Brown
1833;M;19;OK;John Green
1834;F;52;UT;John Green
1835;M;26;DE;Violet Brown
1836;M;33;GA;Violet Brown
1837;M;51;KS;John Green
1838;M;32;TX;Violet Brown
1839;F;36;AL;John Green
1840;M;42;WI;Violet Brown
1841;M;23;NY;Violet Brown
1842;F;47;FL;Violet Brown
1843;F;43;IN;John Green
1844;F;35;NM;Violet Brown
1845;F;19;PA;Violet Brown
1846;M;64;NV;John Green
1847;M;26;NM;Violet Brown
1848;F;60;TN;John Green
1849;M;23;FL;John Green
1850;M;57;IN;John Green
1851;M;38;MI;John Green
1852;F;23;VA;Violet Brown
1853;F;44;AK;John Green
1854;F;63;MS;John Green
1855;M;44;LA;John Green
1856;F;66;SC;Violet Brown
1857;F;46;KS;Violet Brown
1858;M;70;IL;John Green
1859;F;27;WV;Violet Brown
1860;F;61;IN;Violet Brown
1861;F;38;LA;John Green
1862;M;23;MD;John Green
1863;F;52;NM;Violet Brown
1864;M;54;KS;Violet Brown
1865;M;21;MD;Violet Brown
1866;M;60;TX;John Green
1867;M;54;NH;Violet Brown
1868;M;49;TN;John Green
1869;F;19;LA;Violet Brown
1870;F;35;NJ;John Green
1871;M;61;VA;Violet Brown
1872;F;65;SD;John Green
1873;M;60;SD;John Green
1874;M;44;WA;Violet Brown
1875;M;69;IA;Violet Brown
1876;F;39;AZ;John Green
1877;F;28;FL;Violet Brown
1878;M;23;FL;Violet Brown
1879;M;27;VT;Violet Brown
1880;F;46;AK;Violet Brown
1881;F;26;PA;John Green
1882;M;26;TN;Violet Brown
1883;F;25;SD;John Green
1884;F;49;NM;John Green
1885;M;35;AR;John Green
1886;M;27;NJ;John Green
1887;F;18;NH;Violet Brown
1888;F;29;OR;John Green
1889;F;51;OH;Violet Brown
1890;F;63;NY;Violet Brown
1891;M;57;WI;John Green
1892;M;70;KY;Violet Brown
1893;M;33;TX;Violet Brown
1894;F;65;ME;John Green
1895;F;48;KY;Violet Brown
1896;F;58;RI;John Green
1897;M;58;NJ;John Green
1898;M;37;LA;Violet Brown
1899;F;22;NY;Violet Brown
1900;F;32;KS;John Green
1901;M;34;NJ;John Green
1902;F;23;OH;Violet Brown
1903;F;67;OR;Violet Brown
1904;M;61;MA;Violet Brown
1905;M;42;SC;John Green
1906;M;37;PA;Violet Brown
1907;F;28;OR;Violet Brown
1908;F;28;CA;Violet Brown
1909;F;31;WV;Violet Brown
1910;M;59;SD;Violet Brown
1911;M;19;NE;Violet Brown
1912;F;61;NV;John Green
1913;F;68;NC;Violet Brown
1914;M;19;VT;John Green
1915;M;65;HI;Violet Brown
1916;M;31;LA;John Green
1917;F;47;NJ;John Green
1918;M;20;AR;John Green
1919;F;34;IL;Violet Brown
1920;F;47;ME;John Green
1921;F;61;NC;Violet Brown
1922;M;53;WA;Violet Brown
1923;M;35;WY;John Green
1924;M;21;MA;Violet Brown
1925;F;50;CO;Violet Brown
1926;M;21;NH;John Green
1927;F;67;IN;John Green
1928;M;33;WI;John Green
1929;F;31;NC;John Green
1930;M;41;AK;Violet Brown
1931;M;58;UT;John Green
1932;F;34;ME;John Green
1933;F;35;NM;John Green
1934;M;34;MI;Violet Brown
1935;F;35;MA;John Green
1936;M;49;OK;John Green
1937;M;33;ND;John Green
1938;F;58;NV;Violet Brown
1939;M;61;NJ;John Green
1940;M;28;NE;Violet Brown
1941;M;40;IL;Violet Brown
1942;M;34;SD;Violet Brown
1943;F;31;AR;Violet Brown
1944;M;50;MT;John Green
1945;F;24;HI;John Green
1946;F;35;NM;Violet Brown
1947;M;70;NJ;Violet Brown
1948;M;42;ID;John Green
1949;M;40;RI;Violet Brown
1950;M;54;IA;Violet Brown
1951;F;25;TX;John Green
1952;F;55;MS;Violet Brown
1953;M;50;VT;John Green
1954;M;25;MT;John Green
1955;F;21;ID;John Green
1956;F;33;MD;John Green
1957;F;59;NM;John Green
1958;F;52;MO;Violet Brown
1959;F;68;AR;Violet Brown
1960;M;24;WY;Violet Brown
1961;F;44;AL;Violet Brown
1962;F;38;MD;Violet Brown
1963;F;31;UT;Violet Brown
1964;F;55;ID;John Green
1965;M;32;UT;John Green
1966;M;20;WI;Violet Brown
1967;F;20;TN;John Green
1968;M;20;AR;John Green
1969;F;30;NC;Violet Brown
1970;M;58;AL;Violet Brown
1971;F;69;NH;Violet Brown
1972;M;68;IN;Violet Brown
1973;F;56;WV;Violet Brown
1974;F;69;NV;Violet Brown
1975;M;41;TX;Violet Brown
1976;F;20;KY;Violet Brown
1977;M;20;NJ;John Green
1978;F;35;WY;Violet Brown
1979;M;67;OR;John Green
1980;F;35;WY;Violet Brown
1981;M;70;ID;Violet Brown
1982;F;62;VT;Violet Brown
1983;F;61;IN;John Green
1984;M;26;SD;John Green
1985;F;55;SC;Violet Brown
1986;M;54;OR;John Green
1987;M;62;SD;Violet Brown
1988;F;62;CO;Violet Brown
1989;F;54;MT;John Green
1990;F;55;HI;Violet Brown
1991;M;52;GA;John Green
1992;M;23;NY;Violet Brown
1993;M;68;CO;John Green
1994;F;62;SD;Violet Brown
1995;F;52;NJ;John Green
1996;M;23;IN;Violet Brown
1997;M;49;HI;Violet Brown
1998;F;51;IN;Violet Brown
1999;F;45;PA;John Green
2000;F;22;AL;Violet Brown
